score,pos,neg
29,46.666666666666664,100.0
26,30.0,90.0
65,66.66666666666667,100.0
705,0.0,100.0
19,30.434782608695652,95.65217391304348
54,28.571428571428573,100.0
296,0.0,100.0
0,40.3954802259887,95.48022598870057
277,0.0,100.0
-3,46.34146341463415,95.1219512195122
-30,33.333333333333336,66.66666666666667
155,0.0,100.0
112,0.0,100.0
385,0.0,100.0
299,100.0,100.0
113,0.0,100.0
237,0.0,100.0
241,100.0,100.0
22,47.61904761904762,95.23809523809524
-60,0.0,100.0
7,39.411764705882355,97.6470588235294
77,66.66666666666667,66.66666666666667
34,33.333333333333336,91.66666666666667
858,0.0,100.0
184,0.0,100.0
-49,0.0,50.0
188,100.0,100.0
-65,0.0,100.0
3787,0.0,100.0
126,0.0,100.0
-7,40.0,100.0
406,0.0,100.0
1816,0.0,100.0
94,0.0,100.0
50,66.66666666666667,66.66666666666667
-13,85.71428571428571,100.0
264,0.0,100.0
2149,100.0,100.0
1185,0.0,100.0
110,0.0,100.0
-26,66.66666666666667,100.0
57,100.0,100.0
412,100.0,100.0
32,10.0,100.0
43,60.0,100.0
-41,100.0,100.0
84,25.0,100.0
31,20.0,100.0
119,100.0,100.0
496,0.0,100.0
-50,0.0,100.0
39,60.0,80.0
187,0.0,100.0
700,100.0,100.0
116,33.333333333333336,100.0
145,0.0,100.0
25,33.333333333333336,100.0
-15,66.66666666666667,100.0
124,0.0,100.0
71,0.0,100.0
143,0.0,100.0
-45,100.0,100.0
6,38.983050847457626,96.1864406779661
68,50.0,100.0
72,50.0,100.0
87,50.0,100.0
58,20.0,100.0
107,0.0,100.0
266,50.0,100.0
9,38.51851851851852,95.55555555555556
316,0.0,100.0
27,35.714285714285715,92.85714285714286
63,50.0,100.0
158,0.0,100.0
447,0.0,100.0
-24,100.0,100.0
51,0.0,50.0
56,100.0,100.0
891,0.0,100.0
52,28.571428571428573,100.0
146,0.0,100.0
174,0.0,100.0
17,40.0,93.33333333333333
79,0.0,100.0
170,0.0,100.0
209,0.0,100.0
-36,50.0,100.0
-16,16.666666666666668,100.0
139,100.0,100.0
-55,100.0,100.0
817,0.0,100.0
430,100.0,100.0
41,50.0,100.0
28,58.8235294117647,94.11764705882354
33,33.333333333333336,100.0
248,0.0,100.0
88,0.0,100.0
207,100.0,50.0
138,0.0,100.0
-18,100.0,100.0
114,50.0,100.0
5,38.6986301369863,97.6027397260274
1,38.61584754262788,95.78736208625878
404,0.0,100.0
-19,16.666666666666668,100.0
115,0.0,100.0
-27,66.66666666666667,100.0
-2,43.20987654320987,95.06172839506173
185,0.0,100.0
219,0.0,100.0
10,37.5,96.875
485,0.0,100.0
423,0.0,100.0
89,50.0,100.0
128,50.0,100.0
106,50.0,100.0
85,0.0,100.0
111,0.0,100.0
177,0.0,100.0
1231,100.0,100.0
-17,20.0,100.0
-81,0.0,100.0
179,0.0,100.0
48,66.66666666666667,100.0
224,0.0,100.0
67,0.0,100.0
761,0.0,100.0
324,0.0,100.0
247,100.0,100.0
105,0.0,100.0
108,100.0,100.0
44,0.0,100.0
132,100.0,100.0
127,0.0,100.0
-38,50.0,100.0
225,0.0,100.0
-6,48.38709677419355,96.7741935483871
61,33.333333333333336,100.0
379,0.0,100.0
-48,100.0,100.0
213,50.0,100.0
-39,0.0,100.0
192,0.0,100.0
8753,100.0,100.0
156,0.0,100.0
1340,0.0,100.0
1572,100.0,100.0
160,100.0,100.0
3,40.657698056801195,96.41255605381166
37,66.66666666666667,100.0
101,0.0,100.0
-14,0.0,100.0
83,0.0,100.0
-8,77.77777777777777,88.88888888888889
-73,100.0,100.0
-63,0.0,100.0
12,32.0,97.33333333333333
200,0.0,100.0
295,0.0,100.0
-33,100.0,100.0
141,0.0,100.0
55,33.333333333333336,100.0
280,100.0,100.0
8,43.97163120567376,97.87234042553192
62,40.0,100.0
512,0.0,100.0
1245,100.0,100.0
-37,0.0,100.0
11,37.234042553191486,96.80851063829788
49,20.0,100.0
35,40.0,100.0
371,0.0,100.0
-12,37.5,87.5
80,33.333333333333336,100.0
-4,40.476190476190474,88.0952380952381
2,38.9041095890411,96.34703196347031
-10,30.0,100.0
66,33.333333333333336,100.0
265,100.0,100.0
162,0.0,100.0
134,0.0,100.0
645,100.0,100.0
1027,0.0,100.0
422,100.0,100.0
76,33.333333333333336,100.0
102,50.0,100.0
175,0.0,100.0
4,37.29903536977492,95.17684887459806
92,100.0,0.0
163,0.0,100.0
118,0.0,100.0
13,46.57534246575342,94.52054794520548
272,0.0,100.0
305,0.0,100.0
75,33.333333333333336,100.0
36,25.0,100.0
-23,66.66666666666667,100.0
78,100.0,100.0
-83,0.0,100.0
18,42.10526315789474,100.0
69,100.0,100.0
14,30.18867924528302,96.22641509433963
286,100.0,100.0
791,0.0,0.0
173,0.0,100.0
137,100.0,100.0
21,45.833333333333336,100.0
135,0.0,100.0
59,0.0,100.0
15,44.18604651162791,95.34883720930233
81,33.333333333333336,100.0
-22,100.0,100.0
165,100.0,100.0
195,0.0,100.0
180,0.0,100.0
38,30.76923076923077,100.0
97,0.0,100.0
133,0.0,100.0
42,33.333333333333336,100.0
30,30.76923076923077,100.0
151,50.0,100.0
73,0.0,100.0
90,0.0,100.0
23,33.333333333333336,93.33333333333333
121,0.0,100.0
46,50.0,90.0
-9,27.272727272727273,90.9090909090909
-42,0.0,100.0
284,100.0,100.0
20,40.74074074074074,100.0
70,25.0,100.0
-74,100.0,0.0
-11,60.0,90.0
99,0.0,100.0
-20,0.0,100.0
60,20.0,100.0
1026,0.0,100.0
-21,50.0,100.0
-31,0.0,100.0
40,45.45454545454545,90.9090909090909
251,0.0,100.0
527,100.0,100.0
16,38.888888888888886,94.44444444444444
64,50.0,100.0
612,100.0,100.0
-29,100.0,100.0
336,0.0,100.0
152,0.0,100.0
267,0.0,100.0
-1,48.32214765100671,92.61744966442953
-80,100.0,100.0
53,23.076923076923077,100.0
45,40.0,100.0
47,50.0,100.0
169,0.0,100.0
-5,43.24324324324324,94.5945945945946
24,26.666666666666668,86.66666666666667
